Date,Question,Vote
2025-01-18,คุณรู้สึกอย่างไรกับตลาดหุ้นตอนนี้? (กระทิง / หมี),หมี
2025-01-18,คุณรู้สึกอย่างไรกับตลาดหุ้นตอนนี้? (กระทิง / หมี),หมี
2025-01-18,คุณรู้สึกอย่างไรกับตลาดหุ้นตอนนี้? (กระทิง / หมี),หมี
2025-01-18,คุณรู้สึกอย่างไรกับตลาดหุ้นตอนนี้? (กระทิง / หมี),กระทิง
2025-01-19,คุณรู้สึกอย่างไรกับตลาดหุ้นตอนนี้? (กระทิง / หมี),หมี
2025-01-19,คุณรู้สึกอย่างไรกับตลาดหุ้นตอนนี้? (กระทิง / หมี),หมี
2025-01-19,คุณรู้สึกอย่างไรกับตลาดหุ้นตอนนี้? (กระทิง / หมี),หมี
2025-01-19,คุณรู้สึกอย่างไรกับตลาดหุ้นตอนนี้? (กระทิง / หมี),หมี
2025-01-19,คุณรู้สึกอย่างไรกับตลาดหุ้นตอนนี้? (กระทิง / หมี),หมี
2025-01-19,คุณรู้สึกอย่างไรกับตลาดหุ้นตอนนี้? (กระทิง / หมี),กระทิง
2025-01-19,คุณรู้สึกอย่างไรกับตลาดหุ้นตอนนี้? (กระทิง / หมี),กระทิง
2025-01-19,คุณรู้สึกอย่างไรกับตลาดหุ้นตอนนี้? (กระทิง / หมี),กระทิง
2025-01-20,คุณรู้สึกอย่างไรกับตลาดหุ้นตอนนี้? (กระทิง / หมี),หมี
2025-01-20,คุณรู้สึกอย่างไรกับตลาดหุ้นตอนนี้? (กระทิง / หมี),กระทิง
2025-01-20,คุณรู้สึกอย่างไรกับตลาดหุ้นตอนนี้? (กระทิง / หมี),กระทิง
2025-01-20,คุณรู้สึกอย่างไรกับตลาดหุ้นตอนนี้? (กระทิง / หมี),กระทิง
2025-01-20,คุณรู้สึกอย่างไรกับตลาดหุ้นตอนนี้? (กระทิง / หมี),หมี
2025-01-20,คุณรู้สึกอย่างไรกับตลาดหุ้นตอนนี้? (กระทิง / หมี),กระทิง
2025-01-20,คุณรู้สึกอย่างไรกับตลาดหุ้นตอนนี้? (กระทิง / หมี),หมี
2025-01-20,คุณรู้สึกอย่างไรกับตลาดหุ้นตอนนี้? (กระทิง / หมี),หมี
2025-01-20,คุณรู้สึกอย่างไรกับตลาดหุ้นตอนนี้? (กระทิง / หมี),กระทิง
2025-01-20,คุณรู้สึกอย่างไรกับตลาดหุ้นตอนนี้? (กระทิง / หมี),กระทิง
2025-01-20,คุณรู้สึกอย่างไรกับตลาดหุ้นตอนนี้? (กระทิง / หมี),หมี
2025-01-21,คุณรู้สึกอย่างไรกับตลาดหุ้นตอนนี้? (กระทิง / หมี),กระทิง
2025-01-21,คุณรู้สึกอย่างไรกับตลาดหุ้นตอนนี้? (กระทิง / หมี),กระทิง
2025-01-21,คุณรู้สึกอย่างไรกับตลาดหุ้นตอนนี้? (กระทิง / หมี),หมี
2025-01-21,คุณรู้สึกอย่างไรกับตลาดหุ้นตอนนี้? (กระทิง / หมี),กระทิง
2025-01-21,คุณรู้สึกอย่างไรกับตลาดหุ้นตอนนี้? (กระทิง / หมี),หมี
2025-01-21,คุณรู้สึกอย่างไรกับตลาดหุ้นตอนนี้? (กระทิง / หมี),กระทิง
2025-01-21,คุณรู้สึกอย่างไรกับตลาดหุ้นตอนนี้? (กระทิง / หมี),กระทิง
2025-01-21,คุณรู้สึกอย่างไรกับตลาดหุ้นตอนนี้? (กระทิง / หมี),หมี
2025-01-21,คุณรู้สึกอย่างไรกับตลาดหุ้นตอนนี้? (กระทิง / หมี),กระทิง
2025-01-21,คุณรู้สึกอย่างไรกับตลาดหุ้นตอนนี้? (กระทิง / หมี),กระทิง
2025-01-21,คุณรู้สึกอย่างไรกับตลาดหุ้นตอนนี้? (กระทิง / หมี),กระทิง
2025-01-21,คุณรู้สึกอย่างไรกับตลาดหุ้นตอนนี้? (กระทิง / หมี),กระทิง
2025-01-21,คุณรู้สึกอย่างไรกับตลาดหุ้นตอนนี้? (กระทิง / หมี),กระทิง
2025-01-21,คุณรู้สึกอย่างไรกับตลาดหุ้นตอนนี้? (กระทิง / หมี),กระทิง
2025-01-21,คุณรู้สึกอย่างไรกับตลาดหุ้นตอนนี้? (กระทิง / หมี),หมี
2025-01-21,คุณรู้สึกอย่างไรกับตลาดหุ้นตอนนี้? (กระทิง / หมี),กระทิง
2025-01-21,คุณรู้สึกอย่างไรกับตลาดหุ้นตอนนี้? (กระทิง / หมี),กระทิง
